pick_date,ticker,direction,score,entry_close,exit_date,exit_close,return_pct,spy_return_pct,beat_spy,no_call
2026-07-21,DHR,LONG,79,179.01,2026-07-28,199.03,11.18,-1.0,True,False
2026-07-21,DRAM,WATCH,20,58.85,2026-07-28,47.7,-18.95,-1.0,,True
2026-07-21,HIHO,LONG,74,1.07,2026-07-28,1.09,1.87,-1.0,True,False
2026-07-21,NOK,LONG,40,10.63,2026-07-28,8.905,-16.23,-1.0,False,False
2026-07-21,RDGT,WATCH,34,1.47,2026-07-28,1.16,-21.09,-1.0,,True
2026-07-21,SLGB,LONG,61,0.9799,2026-07-28,0.5684,-41.99,-1.0,False,False
2026-07-21,SOXL,WATCH,20,158.54,2026-07-28,109.42,-30.98,-1.0,,True
2026-07-21,SOXS,LONG,35,45.13,2026-07-28,62.93,39.44,-1.0,True,False
2026-07-21,UTZ,SHORT,35,14.06,2026-07-28,14.08,-0.14,-1.0,True,False
2026-07-21,ZYBT,WATCH,47,2.85,2026-07-28,1.33,-53.33,-1.0,,True
2026-07-22,ADVB,WATCH,29,12.25,2026-07-29,10.98,-10.37,-2.39,,True
2026-07-22,ARWR,WATCH,27,88.7,2026-07-29,86.22,-2.8,-2.39,,True
2026-07-22,DRAM,WATCH,15,57.77,2026-07-29,44.72,-22.59,-2.39,,True
2026-07-22,LABT,WATCH,15,3.41,2026-07-29,1.98,-41.94,-2.39,,True
2026-07-22,SMCI,LONG,88,30.56,2026-07-29,25.7,-15.9,-2.39,False,False
2026-07-22,SNXX,WATCH,15,18.02,2026-07-29,6.84,-62.04,-2.39,,True
2026-07-22,SOXL,WATCH,20,160.99,2026-07-29,91.99,-42.86,-2.39,,True
2026-07-22,SOXS,LONG,40,44.52,2026-07-29,73.11,64.22,-2.39,True,False
2026-07-22,T,LONG,74,23.04,2026-07-29,23.945,3.93,-2.39,True,False
2026-07-22,ZCMD,WATCH,15,4.29,2026-07-29,1.06,-75.29,-2.39,,True
2026-07-23,ADVB,LONG,68,16.78,2026-07-30,10.08,-39.93,0.48,False,False
2026-07-23,DOMO,LONG,64,3.95,2026-07-30,3.7,-6.33,0.48,False,False
2026-07-23,MEDP,WATCH,55,605.82,2026-07-30,578.3,-4.54,0.48,,True
2026-07-23,NOK,LONG,92,9.6806,2026-07-30,9.075,-6.26,0.48,False,False
2026-07-23,SNXX,WATCH,41,18.32,2026-07-30,10.46,-42.9,0.48,,True
2026-07-23,SOXS,LONG,40,45.61,2026-07-30,53.98,18.35,0.48,True,False
2026-07-23,SQQQ,LONG,42,43.27,2026-07-30,44.62,3.12,0.48,True,False
2026-07-23,TSLL,LONG,35,7.76,2026-07-30,7.21,-7.09,0.48,False,False
2026-07-23,TSLQ,LONG,30,25.86,2026-07-30,27.52,6.42,0.48,True,False
2026-07-23,ZCMD,WATCH,25,1.73,2026-07-30,1.28,-26.01,0.48,,True
2026-07-24,DRAM,LONG,35,53.2,2026-07-31,50.36,-5.34,1.08,False,False
2026-07-24,INTC,LONG,76,92.32,2026-07-31,90.2,-2.3,1.08,False,False
2026-07-24,JEM,WATCH,39,6.35,2026-07-31,4.94,-22.2,1.08,,True
2026-07-24,LVWR,LONG,93,1.46,2026-07-31,1.79,22.6,1.08,True,False
2026-07-24,NOK,LONG,65,9.0538,2026-07-31,9.1,0.51,1.08,False,False
2026-07-24,SKYQ,LONG,62,4.7,2026-07-31,4.65,-1.06,1.08,False,False
2026-07-24,SOXS,LONG,35,51.53,2026-07-31,54.25,5.28,1.08,True,False
2026-07-24,THC,LONG,98,233.2,2026-07-31,254.83,9.28,1.08,True,False
2026-07-24,TSLL,LONG,35,7.42,2026-07-31,7.31,-1.48,1.08,False,False
2026-07-24,WLDS,LONG,56,3.53,2026-07-31,2.56,-27.48,1.08,False,False
2026-07-27,BIYA,WATCH,36,4.17,2026-08-03,3.1,-25.66,2.51,,True
2026-07-27,CAPR,WATCH,31,6.995,2026-08-03,4.2,-39.96,2.51,,True
2026-07-27,DFNS,WATCH,36,13.1,2026-08-03,61.5,369.47,2.51,,True
2026-07-27,ENTX,LONG,80,3.92,2026-08-03,2.96,-24.49,2.51,False,False
2026-07-27,FBRX,WATCH,60,76.5,2026-08-03,76.61,0.14,2.51,,True
2026-07-27,LGHL,WATCH,34,1.07,2026-08-03,0.9294,-13.14,2.51,,True
2026-07-27,MTNB,WATCH,32,0.332,2026-08-03,0.3035,-8.58,2.51,,True
2026-07-27,NOK,LONG,53,9.2329,2026-08-03,9.35,1.27,2.51,False,False
2026-07-27,SOXS,LONG,35,54.93,2026-08-03,53.1,-3.33,2.51,False,False
2026-07-27,TSLL,LONG,30,7.24,2026-08-03,7.81,7.87,2.51,True,False
2026-07-28,AMKR,WATCH,55,45.69,2026-08-04,55.87,22.28,4.1,,True
2026-07-28,BIYA,WATCH,49,6.44,2026-08-04,2.84,-55.9,4.1,,True
2026-07-28,CISS,WATCH,37,0.167,2026-08-04,0.0881,-47.25,4.1,,True
2026-07-28,DFNS,WATCH,36,24.0,2026-08-04,47.36,97.33,4.1,,True
2026-07-28,GOSS,LONG,100,0.2051,2026-08-04,0.1815,-11.51,4.1,False,False
2026-07-28,NOK,LONG,44,8.93,2026-08-04,9.93,11.2,4.1,True,False
2026-07-28,NVDA,WATCH,55,197.01,2026-08-04,211.94,7.58,4.1,,True
2026-07-28,REPL,SHORT,77,5.35,2026-08-04,11.92,-122.8,4.1,False,False
2026-07-28,SNXX,WATCH,46,8.04,2026-08-04,12.74,58.46,4.1,,True
2026-07-28,SOXS,LONG,40,62.87,2026-08-04,42.41,-32.54,4.1,False,False
2026-07-29,AMIX,SHORT,50,4.57,2026-08-05,12.1,-164.77,5.53,False,False
2026-07-29,CBZ,LONG,99,54.9,2026-08-05,54.8,-0.18,5.53,False,False
2026-07-29,DFNS,LONG,61,50.22,2026-08-05,45.91,-8.58,5.53,False,False
2026-07-29,KORU,WATCH,41,12.08,2026-08-05,18.43,52.57,5.53,,True
2026-07-29,SKDD,LONG,35,21.24,2026-08-05,13.06,-38.51,5.53,False,False
2026-07-29,SKHY,LONG,40,126.79,2026-08-05,151.03,19.12,5.53,True,False
2026-07-29,SKUU,LONG,35,15.1,2026-08-05,20.65,36.75,5.53,True,False
2026-07-29,SNXX,WATCH,59,6.9,2026-08-05,11.38,64.93,5.53,,True
2026-07-29,SOFI,LONG,96,15.25,2026-08-05,18.25,19.67,5.53,True,False
2026-07-29,VRRM,WATCH,64,5.1,2026-08-05,5.61,10.0,5.53,,True
2026-07-30,ALNY,WATCH,64,205.48,2026-08-06,216.12,5.18,3.63,,True
2026-07-30,INTC,LONG,71,91.13,2026-08-06,99.81,9.52,3.63,True,False
2026-07-30,KORU,WATCH,53,16.28,2026-08-06,16.81,3.26,3.63,,True
2026-07-30,MSFT,LONG,93,451.1,2026-08-06,499.86,10.81,3.63,True,False
2026-07-30,NOK,LONG,63,9.09,2026-08-06,9.425,3.69,3.63,True,False
2026-07-30,NUWE,LONG,73,4.45,2026-08-06,1.63,-63.37,3.63,False,False
2026-07-30,SIMO,LONG,65,255.1,2026-08-06,267.43,4.83,3.63,True,False
2026-07-30,SOXL,WATCH,46,114.72,2026-08-06,132.37,15.39,3.63,,True
2026-07-30,TQQQ,WATCH,46,63.3,2026-08-06,72.03,13.79,3.63,,True
2026-07-30,XRX,LONG,40,3.49,2026-08-06,3.23,-7.45,3.63,False,False
2026-07-31,AXTI,LONG,95,60.43,2026-08-07,88.58,46.58,3.51,True,False
2026-07-31,DFNS,WATCH,54,27.68,2026-08-07,37.95,37.1,3.51,,True
2026-07-31,DRAM,LONG,40,50.37,2026-08-07,50.54,0.34,3.51,False,False
2026-07-31,FCUV,LONG,62,11.6,2026-08-07,5.2,-55.17,3.51,False,False
2026-07-31,KUST,LONG,75,1.24,2026-08-07,1.21,-2.42,3.51,False,False
2026-07-31,LBGJ,WATCH,54,3.74,2026-08-07,3.36,-10.16,3.51,,True
2026-07-31,MGRX,LONG,67,0.5571,2026-08-07,0.4921,-11.67,3.51,False,False
2026-07-31,REPL,SHORT,66,11.2,2026-08-07,12.06,-7.68,3.51,False,False
2026-07-31,SNXX,WATCH,41,9.34,2026-08-07,9.065,-2.94,3.51,,True
2026-07-31,SOXL,WATCH,27,114.72,2026-08-07,140.31,22.31,3.51,,True
2026-08-03,ATKR,LONG,89,93.55,2026-08-10,93.75,0.21,2.03,False,False
2026-08-03,EDBL,WATCH,21,2.28,2026-08-10,1.83,-19.74,2.03,,True
2026-08-03,EZRA,WATCH,15,2.65,2026-08-10,2.51,-5.28,2.03,,True
2026-08-03,FCUV,SHORT,59,11.5,2026-08-10,6.44,44.0,2.03,True,False
2026-08-03,HYFM,WATCH,46,2.15,2026-08-10,1.95,-9.3,2.03,,True
2026-08-03,RITR,WATCH,10,0.3418,2026-08-10,0.1682,-50.79,2.03,,True
2026-08-03,SNXX,WATCH,15,10.43,2026-08-10,9.43,-9.59,2.03,,True
2026-08-03,SOXL,WATCH,20,116.71,2026-08-10,130.0,11.39,2.03,,True
2026-08-03,SOXS,LONG,40,53.08,2026-08-10,45.21,-14.83,2.03,False,False
2026-08-03,UPC,WATCH,10,6.48,2026-08-10,7.09,9.41,2.03,,True
2026-08-04,ADGM,LONG,68,0.8,2026-08-11,0.7191,-10.11,-0.1,False,False
2026-08-04,ELPW,WATCH,40,7.173,2026-08-11,4.83,-32.66,-0.1,,True
2026-08-04,ENSC,LONG,56,0.3842,2026-08-11,0.4205,9.45,-0.1,True,False
2026-08-04,KORU,WATCH,30,19.12,2026-08-11,17.63,-7.79,-0.1,,True
2026-08-04,NOK,LONG,76,9.92,2026-08-11,9.46,-4.64,-0.1,False,False
2026-08-04,NUWE,WATCH,24,1.88,2026-08-11,1.48,-21.28,-0.1,,True
2026-08-04,SOXL,WATCH,20,139.9,2026-08-11,133.11,-4.85,-0.1,,True
2026-08-04,SOXS,WATCH,20,42.33,2026-08-11,44.05,4.06,-0.1,,True
2026-08-04,TNMG,LONG,55,0.4757,2026-08-11,0.4702,-1.16,-0.1,False,False
2026-08-04,VTGN,LONG,40,0.3,2026-08-11,0.2691,-10.3,-0.1,False,False
2026-08-05,AMIX,WATCH,65,12.1,2026-08-12,7.535,-37.73,0.35,,True
2026-08-05,BJDX,WATCH,46,1.24,2026-08-12,1.05,-15.32,0.35,,True
2026-08-05,DBGI,LONG,75,16.28,2026-08-12,16.64,2.21,0.35,True,False
2026-08-05,EOSE,LONG,40,3.82,2026-08-12,4.24,10.99,0.35,True,False
2026-08-05,NVDA,LONG,94,219.22,2026-08-12,224.09,2.22,0.35,True,False
2026-08-05,SOXL,WATCH,46,132.07,2026-08-12,142.17,7.65,0.35,,True
2026-08-05,SOXS,WATCH,32,45.08,2026-08-12,40.95,-9.16,0.35,,True
2026-08-05,SPCX,WATCH,52,108.27,2026-08-12,146.15,34.99,0.35,,True
2026-08-05,SSPC,SHORT,35,21.21,2026-08-12,10.105,52.36,0.35,True,False
2026-08-05,VMAR,WATCH,42,0.6645,2026-08-12,0.63,-5.19,0.35,,True
2026-08-06,CELZ,LONG,61,1.15,2026-08-13,1.24,7.83,1.2,True,False
2026-08-06,CLRO,LONG,77,9.8,2026-08-13,5.67,-42.14,1.2,False,False
2026-08-06,ENSC,LONG,71,0.5243,2026-08-13,0.3485,-33.53,1.2,False,False
2026-08-06,INSM,WATCH,51,132.55,2026-08-13,126.33,-4.69,1.2,,True
2026-08-06,IOVA,LONG,40,6.21,2026-08-13,6.52,4.99,1.2,True,False
2026-08-06,SOUN,LONG,30,7.08,2026-08-13,7.48,5.65,1.2,True,False
2026-08-06,SOXS,WATCH,20,44.76,2026-08-13,40.15,-10.3,1.2,,True
2026-08-06,SPCX,SHORT,86,114.92,2026-08-13,141.29,-22.95,1.2,False,False
2026-08-06,SURG,LONG,99,0.325,2026-08-13,0.2466,-24.12,1.2,False,False
2026-08-06,WYHG,WATCH,15,9.83,2026-08-13,5.47,-44.35,1.2,,True
2026-08-07,DOCS,LONG,40,27.4,2026-08-14,24.815,-9.43,0.4,False,False
2026-08-07,DV,WATCH,49,13.21,2026-08-14,13.295,0.64,0.4,,True
2026-08-07,HTZ,WATCH,55,2.27,2026-08-14,2.24,-1.32,0.4,,True
2026-08-07,SEZL,WATCH,42,118.02,2026-08-14,128.96,9.27,0.4,,True
2026-08-07,SNXX,WATCH,41,9.11,2026-08-14,16.19,77.72,0.4,,True
2026-08-07,SOXL,SHORT,40,140.25,2026-08-14,145.0,-3.39,0.4,False,False
2026-08-07,SPCX,SHORT,70,133.11,2026-08-14,140.0,-5.18,0.4,False,False
2026-08-07,TTD,LONG,66,13.8,2026-08-14,14.14,2.46,0.4,True,False
2026-08-07,VATE,LONG,74,12.11,2026-08-14,7.96,-34.27,0.4,False,False
2026-08-07,ZENA,LONG,100,1.65,2026-08-14,2.14,29.7,0.4,True,False
2026-08-10,ABCL,LONG,71,9.34,2026-08-17,11.2,19.91,-0.05,True,False
2026-08-10,ACHR,LONG,40,6.26,2026-08-17,6.395,2.16,-0.05,True,False
2026-08-10,AUUD,WATCH,25,1.32,2026-08-17,0.9701,-26.51,-0.05,,True
2026-08-10,HUDI,LONG,61,0.925,2026-08-17,0.95,2.7,-0.05,True,False
2026-08-10,HZO,SHORT,35,52.12,2026-08-17,52.22,-0.19,-0.05,False,False
2026-08-10,INTC,LONG,69,97.52,2026-08-17,103.49,6.12,-0.05,True,False
2026-08-10,SLN,WATCH,25,15.43,2026-08-17,14.35,-7.0,-0.05,,True
2026-08-10,SPCX,LONG,40,138.74,2026-08-17,146.23,5.4,-0.05,True,False
2026-08-10,VREX,WATCH,33,18.46,2026-08-17,18.46,0.0,-0.05,,True
2026-08-10,XHLD,WATCH,20,3.11,2026-08-17,7.36,136.66,-0.05,,True
2026-08-11,AIHS,WATCH,20,1.84,2026-08-18,1.44,-21.74,-0.42,,True
2026-08-11,FRMI,LONG,100,7.12,2026-08-18,5.74,-19.38,-0.42,False,False
2026-08-11,GLE,WATCH,10,0.493,2026-08-18,0.388,-21.3,-0.42,,True
2026-08-11,INTC,WATCH,46,97.71,2026-08-18,96.685,-1.05,-0.42,,True
2026-08-11,MREO,LONG,40,0.3055,2026-08-18,0.313,2.45,-0.42,True,False
2026-08-11,NCRA,WATCH,36,2.45,2026-08-18,2.1,-14.29,-0.42,,True
2026-08-11,PLAG,LONG,85,5.81,2026-08-18,0.794,-86.33,-0.42,False,False
2026-08-11,PLUG,LONG,79,2.22,2026-08-18,2.16,-2.7,-0.42,False,False
2026-08-11,WAFU,LONG,62,1.665,2026-08-18,1.44,-13.51,-0.42,False,False
2026-08-11,WXM,SHORT,67,7.9,2026-08-18,4.55,42.41,-0.42,True,False
2026-08-12,BOXL,WATCH,20,7.87,2026-08-19,5.21,-33.8,-0.44,,True
2026-08-12,CRWG,LONG,30,30.25,2026-08-19,21.09,-30.28,-0.44,False,False
2026-08-12,CRWU,LONG,30,5.79,2026-08-19,4.055,-29.97,-0.44,False,False
2026-08-12,CRWV,WATCH,46,107.73,2026-08-19,90.87,-15.65,-0.44,,True
2026-08-12,CYCU,WATCH,20,0.62,2026-08-19,0.6917,11.56,-0.44,,True
2026-08-12,NBIL,WATCH,17,34.85,2026-08-19,25.24,-27.58,-0.44,,True
2026-08-12,NOK,WATCH,35,10.32,2026-08-19,10.13,-1.84,-0.44,,True
2026-08-12,OFAL,WATCH,15,1.36,2026-08-19,0.9633,-29.17,-0.44,,True
2026-08-12,RMCF,WATCH,15,1.52,2026-08-19,1.3,-14.47,-0.44,,True
2026-08-12,SOXL,SHORT,49,142.16,2026-08-19,120.6,15.17,-0.44,True,False
2026-08-13,ARX,LONG,45,19.51,2026-08-20,19.57,0.31,-1.94,True,False
2026-08-13,DFSC,LONG,56,2.31,2026-08-20,1.69,-26.84,-1.94,False,False
2026-08-13,FGI,LONG,73,11.72,2026-08-20,8.83,-24.66,-1.94,False,False
2026-08-13,GXAI,LONG,54,1.26,2026-08-20,0.866,-31.27,-1.94,False,False
2026-08-13,IVDA,LONG,72,0.5253,2026-08-20,0.335,-36.23,-1.94,False,False
2026-08-13,OFAL,WATCH,27,1.63,2026-08-20,0.86,-47.24,-1.94,,True
2026-08-13,ONDS,LONG,81,8.91,2026-08-20,8.38,-5.95,-1.94,False,False
2026-08-13,OPEN,WATCH,48,3.65,2026-08-20,3.47,-4.93,-1.94,,True
2026-08-13,SNXX,WATCH,35,14.09,2026-08-20,15.1,7.17,-1.94,,True
2026-08-13,SPCX,LONG,40,141.29,2026-08-20,134.0,-5.16,-1.94,False,False
2026-08-14,AKAN,LONG,68,6.45,2026-08-21,3.86,-40.16,-1.38,False,False
2026-08-14,CAPR,WATCH,58,6.65,2026-08-21,6.29,-5.41,-1.38,,True
2026-08-14,CYCU,WATCH,19,0.685,2026-08-21,0.6539,-4.54,-1.38,,True
2026-08-14,DRAM,WATCH,20,57.32,2026-08-21,57.71,0.68,-1.38,,True
2026-08-14,NU,WATCH,15,15.23,2026-08-21,14.58,-4.27,-1.38,,True
2026-08-14,ONDS,LONG,50,9.24,2026-08-21,8.71,-5.74,-1.38,False,False
2026-08-14,SNDQ,WATCH,32,14.84,2026-08-21,14.88,0.27,-1.37,,True
2026-08-14,SNXX,WATCH,41,16.19,2026-08-21,15.005,-7.32,-1.38,,True
2026-08-14,SURG,LONG,30,0.282,2026-08-21,0.1705,-39.54,-1.38,False,False
2026-08-14,WETO,WATCH,15,8.22,2026-08-21,26.01,216.42,-1.38,,True
2026-08-17,HIVE,LONG,30,3.07,2026-08-24,2.86,-6.84,-1.18,False,False
2026-08-17,IPST,WATCH,15,7.39,2026-08-24,8.58,16.1,-1.18,,True
2026-08-17,IVF,WATCH,15,1.53,2026-08-24,1.03,-32.68,-1.18,,True
2026-08-17,NOK,LONG,30,10.78,2026-08-24,9.955,-7.65,-1.18,False,False
2026-08-17,OABI,LONG,30,3.82,2026-08-24,4.71,23.3,-1.18,True,False
2026-08-17,RIVN,WATCH,15,14.87,2026-08-24,16.6,11.63,-1.18,,True
2026-08-17,SNAP,SHORT,43,5.18,2026-08-24,5.53,-6.76,-1.18,False,False
2026-08-17,SNXX,WATCH,53,19.06,2026-08-24,13.025,-31.66,-1.18,,True
2026-08-17,TRUG,WATCH,20,1.54,2026-08-24,0.6498,-57.81,-1.18,,True
2026-08-17,UCL,WATCH,20,0.68,2026-08-24,0.369,-45.74,-1.18,,True
2026-08-18,AMLX,WATCH,59,35.11,2026-08-25,37.46,6.69,-0.21,,True
2026-08-18,DRAM,LONG,63,55.1,2026-08-25,56.2,2.0,-0.21,True,False
2026-08-18,DT,LONG,54,49.26,2026-08-25,50.06,1.62,-0.21,True,False
2026-08-18,KLAR,WATCH,61,15.06,2026-08-25,14.245,-5.41,-0.21,,True
2026-08-18,NOK,LONG,76,10.39,2026-08-25,10.34,-0.48,-0.21,False,False
2026-08-18,SGLY,LONG,55,3.49,2026-08-25,2.15,-38.4,-0.21,False,False
2026-08-18,SLE,LONG,61,5.5,2026-08-25,3.96,-28.0,-0.21,False,False
2026-08-18,SNXX,WATCH,59,15.66,2026-08-25,12.835,-18.04,-0.21,,True
2026-08-18,TRUG,LONG,72,1.09,2026-08-25,0.585,-46.33,-0.21,False,False
2026-08-18,XOS,LONG,76,4.44,2026-08-25,3.52,-20.72,-0.21,False,False
2026-08-19,FEMY,LONG,55,2.71,2026-08-26,2.92,7.75,-0.4,True,False
2026-08-19,KORU,LONG,35,19.11,2026-08-26,20.47,7.12,-0.4,True,False
2026-08-19,MRNA,WATCH,65,174.38,2026-08-26,149.66,-14.18,-0.4,,True
2026-08-19,MRNY,LONG,30,41.7053,2026-08-26,35.28,-15.41,-0.4,False,False
2026-08-19,SKHY,LONG,40,156.16,2026-08-26,158.02,1.19,-0.4,True,False
2026-08-19,SNXX,WATCH,52,14.58,2026-08-26,13.12,-10.01,-0.4,,True
2026-08-19,SOXL,SHORT,40,120.74,2026-08-26,116.66,3.38,-0.4,True,False
2026-08-19,VRAX,LONG,53,3.18,2026-08-26,2.77,-12.89,-0.4,False,False
2026-08-19,WYFI,LONG,59,21.38,2026-08-26,20.0,-6.45,-0.4,False,False
2026-08-19,YJ,WATCH,25,4.25,2026-08-26,2.76,-35.06,-0.4,,True
2026-08-20,AAP,WATCH,41,42.39,2026-08-27,43.655,2.98,1.11,,True
2026-08-20,HUIZ,LONG,77,1.84,2026-08-27,1.71,-7.07,1.11,False,False
2026-08-20,IBIT,LONG,93,41.2,2026-08-27,45.29,9.93,1.11,True,False
2026-08-20,KORU,LONG,35,20.33,2026-08-27,21.44,5.46,1.11,True,False
2026-08-20,LOOP,LONG,83,0.645,2026-08-27,0.557,-13.64,1.11,False,False
2026-08-20,MRNA,WATCH,65,133.32,2026-08-27,142.77,7.09,1.11,,True
2026-08-20,MSTU,LONG,30,24.0727,2026-08-27,35.27,46.51,1.11,True,False
2026-08-20,SGLY,WATCH,44,3.44,2026-08-27,2.03,-40.99,1.11,,True
2026-08-20,SNXX,WATCH,40,15.14,2026-08-27,12.87,-14.99,1.11,,True
2026-08-20,WMT,WATCH,61,103.5928,2026-08-27,102.63,-0.93,1.11,,True
2026-08-21,BITX,LONG,35,17.18,2026-08-28,17.325,0.84,0.48,True,False
2026-08-21,CONL,LONG,30,6.25,2026-08-28,5.65,-9.6,0.48,False,False
2026-08-21,HOWL,LONG,88,0.8735,2026-08-28,0.9433,7.99,0.48,True,False
2026-08-21,IBIT,LONG,54,43.68,2026-08-28,43.9,0.5,0.48,True,False
2026-08-21,INTC,LONG,67,90.07,2026-08-28,89.47,-0.67,0.48,False,False
2026-08-21,MSTU,LONG,30,27.0446,2026-08-28,30.03,11.04,0.48,True,False
2026-08-21,NVDA,LONG,100,214.72,2026-08-28,217.55,1.32,0.48,True,False
2026-08-21,RFAI,LONG,56,58.0,2026-08-28,52.05,-10.26,0.48,False,False
2026-08-21,SNXX,WATCH,23,15.01,2026-08-28,12.86,-14.32,0.48,,True
2026-08-21,SUGP,LONG,56,1.6,2026-08-28,0.8,-50.0,0.48,False,False
2026-08-24,BTCT,SHORT,56,1.74,2026-08-31,2.095,-20.4,0.46,False,False
2026-08-24,DXST,LONG,54,2.95,2026-08-31,2.59,-12.2,0.46,False,False
2026-08-24,IBIT,LONG,40,44.64,2026-08-31,44.67,0.07,0.46,False,False
2026-08-24,LUCY,WATCH,10,1.12,2026-08-31,0.9001,-19.63,0.46,,True
2026-08-24,PMI,WATCH,10,5.13,2026-08-31,8.335,62.48,0.46,,True
2026-08-24,SDOT,WATCH,15,23.16,2026-08-31,14.24,-38.51,0.46,,True
2026-08-24,SNXX,WATCH,15,13.05,2026-08-31,14.29,9.5,0.46,,True
2026-08-24,SOXL,SHORT,40,111.16,2026-08-31,112.83,-1.5,0.46,False,False
2026-08-24,SOXS,LONG,35,50.75,2026-08-31,49.01,-3.43,0.46,False,False
2026-08-24,XPON,WATCH,15,6.2,2026-08-31,7.01,13.06,0.46,,True
2026-08-25,AIXI,WATCH,41,1.31,2026-09-01,0.4803,-63.34,-0.54,,True
2026-08-25,AMIX,WATCH,34,7.19,2026-09-01,4.575,-36.37,-0.54,,True
2026-08-25,BTCT,LONG,75,2.0,2026-09-01,1.915,-4.25,-0.54,False,False
2026-08-25,DAIC,LONG,73,3.88,2026-09-01,4.25,9.54,-0.54,True,False
2026-08-25,DKS,LONG,82,124.31,2026-09-01,133.3983,7.31,-0.54,True,False
2026-08-25,PRZO,LONG,56,0.82,2026-09-01,0.8647,5.45,-0.54,True,False
2026-08-25,RZLV,LONG,40,2.96,2026-09-01,2.3466,-20.72,-0.54,False,False
2026-08-25,SNXX,WATCH,15,12.88,2026-09-01,14.4,11.8,-0.54,,True
2026-08-25,SOXL,SHORT,40,115.67,2026-09-01,106.94,7.55,-0.54,True,False
2026-08-25,SWVL,WATCH,15,2.21,2026-09-01,3.19,44.34,-0.54,,True
2026-08-26,ANF,WATCH,20,147.75,2026-09-02,136.64,-7.52,0.0,,True
2026-08-26,CDTG,WATCH,45,1.15,2026-09-02,0.9632,-16.24,0.0,,True
2026-08-26,CRE,WATCH,15,6.81,2026-09-02,2.95,-56.68,0.0,,True
2026-08-26,DAIC,WATCH,45,5.15,2026-09-02,3.045,-40.87,0.0,,True
2026-08-26,IBIT,WATCH,15,44.46,2026-09-02,43.79,-1.51,0.0,,True
2026-08-26,LGCL,WATCH,36,7.1625,2026-09-02,4.27,-40.38,0.0,,True
2026-08-26,MSS,WATCH,10,1.63,2026-09-02,1.46,-10.43,0.0,,True
2026-08-26,SNXX,WATCH,15,13.14,2026-09-02,14.005,6.58,0.0,,True
2026-08-26,SOAR,WATCH,10,0.2429,2026-09-02,0.2311,-4.86,0.0,,True
2026-08-27,CISS,WATCH,20,2.13,2026-09-03,1.38,-35.21,0.27,,True
2026-08-27,MERC,LONG,30,0.39,2026-09-03,0.3646,-6.51,0.27,False,False
2026-08-27,NVD,LONG,30,3.73,2026-09-03,3.65,-2.14,0.27,False,False
2026-08-27,NVDA,LONG,91,227.98,2026-09-03,228.45,0.21,0.27,False,False
2026-08-27,OKTA,SHORT,35,172.91,2026-09-03,170.42,1.44,0.27,True,False
2026-08-27,PPCB,WATCH,15,2.23,2026-09-03,1.02,-54.26,0.27,,True
2026-08-27,SOXL,SHORT,40,123.05,2026-09-03,106.81,13.2,0.27,True,False
2026-08-27,VNRX,LONG,78,0.501,2026-09-03,0.3411,-31.92,0.27,False,False
2026-08-27,WKSP,LONG,68,0.63,2026-09-03,0.5793,-8.05,0.27,False,False
2026-08-27,YAAS,WATCH,21,2.5,2026-09-03,1.76,-29.6,0.27,,True
2026-08-28,AEMD,WATCH,10,2.49,2026-09-04,1.82,-26.91,0.11,,True
2026-08-28,AFRM,LONG,35,77.76,2026-09-04,72.35,-6.96,0.11,False,False
2026-08-28,FNGR,LONG,30,0.398,2026-09-04,0.1974,-50.4,0.11,False,False
2026-08-28,IREN,LONG,35,35.45,2026-09-04,44.68,26.04,0.11,True,False
2026-08-28,NA,LONG,30,2.22,2026-09-04,2.24,0.9,0.11,True,False
2026-08-28,NVDA,LONG,95,217.55,2026-09-04,230.36,5.89,0.11,True,False
2026-08-28,PYPL,LONG,35,53.5237,2026-09-04,54.96,2.68,0.11,True,False
2026-08-28,QNRX,WATCH,15,6.12,2026-09-04,7.26,18.63,0.11,,True
2026-08-28,SOLS,LONG,30,63.53,2026-09-04,63.73,0.31,0.11,True,False
2026-08-28,WHLR,WATCH,10,1.07,2026-09-04,0.4184,-60.9,0.11,,True
2026-08-31,AEHL,WATCH,15,6.49,2026-09-08,8.04,23.88,-0.14,,True
2026-08-31,EIX,SHORT,30,53.98,2026-09-08,59.345,-9.94,-0.14,False,False
2026-08-31,IBIT,SHORT,35,44.67,2026-09-08,44.39,0.63,-0.14,True,False
2026-08-31,MOVE,WATCH,10,10.95,2026-09-08,14.89,35.98,-0.14,,True
2026-08-31,PCG,WATCH,15,13.27,2026-09-08,14.815,11.64,-0.14,,True
2026-08-31,RDHL,WATCH,10,0.9,2026-09-08,0.65,-27.78,-0.14,,True
2026-08-31,SOXS,SHORT,35,49.02,2026-09-08,44.09,10.06,-0.14,True,False
2026-08-31,SY,WATCH,20,2.91,2026-09-08,2.65,-8.93,-0.14,,True
2026-08-31,VVOS,WATCH,15,0.196,2026-09-08,0.1797,-8.32,-0.14,,True
2026-08-31,YDDL,WATCH,10,2.28,2026-09-08,1.67,-26.75,-0.14,,True
2026-09-01,ALMS,WATCH,10,9.47,2026-09-09,9.8,3.48,0.09,,True
2026-09-01,BIAF,WATCH,15,6.59,2026-09-09,10.5,59.33,0.09,,True
2026-09-01,FLYE,WATCH,20,2.2,2026-09-09,1.79,-18.64,0.09,,True
2026-09-01,FRVO,LONG,30,19.75,2026-09-09,17.24,-12.71,0.09,False,False
2026-09-01,NIO,LONG,40,4.06,2026-09-09,3.685,-9.24,0.09,False,False
2026-09-01,RZLV,LONG,40,2.39,2026-09-09,2.3,-3.77,0.09,False,False
2026-09-01,SOXL,SHORT,40,105.91,2026-09-09,125.88,-18.86,0.09,False,False
2026-09-01,SOXS,LONG,35,52.22,2026-09-09,43.185,-17.3,0.09,False,False
2026-09-01,TQQQ,SHORT,40,69.15,2026-09-09,71.55,-3.47,0.09,False,False
2026-09-01,WETO,WATCH,10,5.94,2026-09-09,2.41,-59.43,0.09,,True
2026-09-02,BIAF,LONG,56,9.75,2026-09-10,9.39,-3.69,-0.94,False,False
2026-09-02,CRDO,SHORT,35,165.22,2026-09-10,160.31,2.97,-0.94,True,False
2026-09-02,IBIT,SHORT,35,43.79,2026-09-10,43.68,0.25,-0.94,True,False
2026-09-02,MDB,SHORT,35,375.4,2026-09-10,373.87,0.41,-0.94,True,False
2026-09-02,NIO,LONG,64,3.86,2026-09-10,3.575,-7.38,-0.94,False,False
2026-09-02,NVDA,LONG,93,224.41,2026-09-10,218.36,-2.7,-0.94,False,False
2026-09-02,PPBT,LONG,35,1.98,2026-09-10,1.74,-12.12,-0.94,False,False
2026-09-02,SNXX,LONG,35,14.02,2026-09-10,16.4,16.98,-0.94,True,False
2026-09-02,SOXL,SHORT,40,106.35,2026-09-10,115.62,-8.72,-0.94,False,False
2026-09-02,SOXS,LONG,35,51.83,2026-09-10,46.79,-9.72,-0.94,False,False
2026-09-03,GPRO,LONG,30,1.39,2026-09-11,1.38,-0.72,-1.16,True,False
2026-09-03,KORU,WATCH,15,20.69,2026-09-11,23.11,11.7,-1.16,,True
2026-09-03,MIMI,WATCH,10,0.9567,2026-09-11,0.9686,1.24,-1.16,,True
2026-09-03,NVDA,LONG,96,228.1887,2026-09-11,218.29,-4.34,-1.16,False,False
2026-09-03,RARE,LONG,43,14.85,2026-09-11,14.3,-3.7,-1.16,False,False
2026-09-03,SNOW,WATCH,15,356.47,2026-09-11,328.81,-7.76,-1.16,,True
2026-09-03,SOXL,SHORT,40,106.74,2026-09-11,121.84,-14.15,-1.16,False,False
2026-09-03,SOXS,WATCH,15,51.6,2026-09-11,44.16,-14.42,-1.16,,True
2026-09-03,TQQQ,WATCH,15,72.03,2026-09-11,70.98,-1.46,-1.16,,True
2026-09-03,TSLL,LONG,30,10.38,2026-09-11,9.71,-6.45,-1.16,False,False
